classifier_name,dataset_name,accuracy
KG-MTP,ACSF1,0.854333333
KG-MTP,Adiac,0.83597613
KG-MTP,ArrowHead,0.899047619
KG-MTP,Beef,0.797777778
KG-MTP,BeetleFly,0.918333333
KG-MTP,BirdChicken,0.906666667
KG-MTP,BME,1
KG-MTP,Car,0.930555556
KG-MTP,CBF,0.996703704
KG-MTP,Chinatown,0.969290573
KG-MTP,ChlorineConcentration,0.782907986
KG-MTP,CinCECGTorso,0.974661836
KG-MTP,Coffee,1
KG-MTP,Computers,0.874933333
KG-MTP,CricketX,0.836581197
KG-MTP,CricketY,0.86042735
KG-MTP,CricketZ,0.857094017
KG-MTP,Crop,0.773587302
KG-MTP,DiatomSizeReduction,0.95130719
KG-MTP,DistalPhalanxOutlineAgeGroup,0.814628297
KG-MTP,DistalPhalanxOutlineCorrect,0.843719807
KG-MTP,DistalPhalanxTW,0.702877698
KG-MTP,Earthquakes,0.748441247
KG-MTP,ECG200,0.895333333
KG-MTP,ECG5000,0.947318519
KG-MTP,ECGFiveDays,0.992837786
KG-MTP,ElectricDevices,0.911753772
KG-MTP,EOGHorizontalSignal,0.851197053
KG-MTP,EOGVerticalSignal,0.799815838
KG-MTP,EthanolLevel,0.732466667
KG-MTP,FaceAll,0.987672584
KG-MTP,FaceFour,0.904924242
KG-MTP,FacesUCR,0.96998374
KG-MTP,FiftyWords,0.848498168
KG-MTP,Fish,0.983428571
KG-MTP,FordA,0.961666667
KG-MTP,FordB,0.933786008
KG-MTP,FreezerRegularTrain,0.999146199
KG-MTP,FreezerSmallTrain,0.992128655
KG-MTP,GunPoint,0.997777778
KG-MTP,GunPointAgeSpan,0.996518987
KG-MTP,GunPointMaleVersusFemale,1
KG-MTP,GunPointOldVersusYoung,1
KG-MTP,Ham,0.858730159
KG-MTP,HandOutlines,0.95036036
KG-MTP,Haptics,0.558333333
KG-MTP,Herring,0.623958333
KG-MTP,HouseTwenty,0.980112045
KG-MTP,InlineSkate,0.502242424
KG-MTP,InsectEPGRegularTrain,1
KG-MTP,InsectEPGSmallTrain,0.997456493
KG-MTP,InsectWingbeatSound,0.668905724
KG-MTP,ItalyPowerDemand,0.960997732
KG-MTP,LargeKitchenAppliances,0.948088889
KG-MTP,Lightning2,0.781967213
KG-MTP,Lightning7,0.8
KG-MTP,Mallat,0.967377399
KG-MTP,Meat,0.985
KG-MTP,MedicalImages,0.822236842
KG-MTP,MiddlePhalanxOutlineAgeGroup,0.724025974
KG-MTP,MiddlePhalanxOutlineCorrect,0.846620848
KG-MTP,MiddlePhalanxTW,0.58982684
KG-MTP,MixedShapesRegularTrain,0.983986254
KG-MTP,MixedShapesSmallTrain,0.962226804
KG-MTP,MoteStrain,0.915308839
KG-MTP,NonInvasiveFetalECGThorax1,0.964122137
KG-MTP,NonInvasiveFetalECGThorax2,0.969228159
KG-MTP,OliveOil,0.905555556
KG-MTP,OSULeaf,0.974242424
KG-MTP,PhalangesOutlinesCorrect,0.856099456
KG-MTP,Phoneme,0.346132208
KG-MTP,PigAirwayPressure,0.784775641
KG-MTP,PigArtPressure,0.951282051
KG-MTP,PigCVP,0.890224359
KG-MTP,Plane,1
KG-MTP,PowerCons,0.972037037
KG-MTP,ProximalPhalanxOutlineAgeGroup,0.857723577
KG-MTP,ProximalPhalanxOutlineCorrect,0.90652921
KG-MTP,ProximalPhalanxTW,0.811544715
KG-MTP,RefrigerationDevices,0.807288889
KG-MTP,Rock,0.871333333
KG-MTP,ScreenType,0.694755556
KG-MTP,SemgHandGenderCh2,0.953333333
KG-MTP,SemgHandMovementCh2,0.798814815
KG-MTP,SemgHandSubjectCh2,0.930888889
KG-MTP,ShapeletSim,1
KG-MTP,ShapesAll,0.955666667
KG-MTP,SmallKitchenAppliances,0.843288889
KG-MTP,SmoothSubspace,0.988
KG-MTP,SonyAIBORobotSurface1,0.950915141
KG-MTP,SonyAIBORobotSurface2,0.959146555
KG-MTP,StarLightCurves,0.981281366
KG-MTP,Strawberry,0.98036036
KG-MTP,SwedishLeaf,0.97664
KG-MTP,Symbols,0.96040201
KG-MTP,SyntheticControl,0.996222222
KG-MTP,ToeSegmentation1,0.943859649
KG-MTP,ToeSegmentation2,0.958974359
KG-MTP,Trace,1
KG-MTP,TwoLeadECG,0.997278314
KG-MTP,TwoPatterns,1
KG-MTP,UMD,0.988425926
KG-MTP,UWaveGestureLibraryAll,0.983994044
KG-MTP,UWaveGestureLibraryX,0.878308208
KG-MTP,UWaveGestureLibraryY,0.809947888
KG-MTP,UWaveGestureLibraryZ,0.822352503
KG-MTP,Wafer,0.999978369
KG-MTP,Wine,0.933333333
KG-MTP,WordSynonyms,0.788401254
KG-MTP,Worms,0.757575758
KG-MTP,WormsTwoClass,0.797402597
KG-MTP,Yoga,0.951611111
HIVE-COTE 2.0,ACSF1,0.833333333
HIVE-COTE 2.0,Adiac,0.795140665
HIVE-COTE 2.0,ArrowHead,0.886285714
HIVE-COTE 2.0,Beef,0.796666667
HIVE-COTE 2.0,BeetleFly,0.903333333
HIVE-COTE 2.0,BirdChicken,0.951666667
HIVE-COTE 2.0,BME,0.999555556
HIVE-COTE 2.0,Car,0.907777778
HIVE-COTE 2.0,CBF,0.997925926
HIVE-COTE 2.0,Chinatown,0.973566569
HIVE-COTE 2.0,ChlorineConcentration,0.769019097
HIVE-COTE 2.0,CinCECGTorso,0.998236715
HIVE-COTE 2.0,Coffee,0.998809524
HIVE-COTE 2.0,Computers,0.858533333
HIVE-COTE 2.0,CricketX,0.83991453
HIVE-COTE 2.0,CricketY,0.85042735
HIVE-COTE 2.0,CricketZ,0.859487179
HIVE-COTE 2.0,Crop,0.763886905
HIVE-COTE 2.0,DiatomSizeReduction,0.922331155
HIVE-COTE 2.0,DistalPhalanxOutlineAgeGroup,0.820863309
HIVE-COTE 2.0,DistalPhalanxOutlineCorrect,0.828381643
HIVE-COTE 2.0,DistalPhalanxTW,0.701678657
HIVE-COTE 2.0,Earthquakes,0.748201439
HIVE-COTE 2.0,ECG200,0.888666667
HIVE-COTE 2.0,ECG5000,0.948014815
HIVE-COTE 2.0,ECGFiveDays,0.99701897
HIVE-COTE 2.0,ElectricDevices,0.898474041
HIVE-COTE 2.0,EOGHorizontalSignal,0.815469613
HIVE-COTE 2.0,EOGVerticalSignal,0.789871087
HIVE-COTE 2.0,EthanolLevel,0.835533333
HIVE-COTE 2.0,FaceAll,0.986725838
HIVE-COTE 2.0,FaceFour,0.967045455
HIVE-COTE 2.0,FacesUCR,0.974601626
HIVE-COTE 2.0,FiftyWords,0.825787546
HIVE-COTE 2.0,Fish,0.982285714
HIVE-COTE 2.0,FordA,0.953989899
HIVE-COTE 2.0,FordB,0.930329218
HIVE-COTE 2.0,FreezerRegularTrain,0.999883041
HIVE-COTE 2.0,FreezerSmallTrain,0.998187135
HIVE-COTE 2.0,GunPoint,0.998888889
HIVE-COTE 2.0,GunPointAgeSpan,0.995675105
HIVE-COTE 2.0,GunPointMaleVersusFemale,1
HIVE-COTE 2.0,GunPointOldVersusYoung,1
HIVE-COTE 2.0,Ham,0.858730159
HIVE-COTE 2.0,HandOutlines,0.934594595
HIVE-COTE 2.0,Haptics,0.546753247
HIVE-COTE 2.0,Herring,0.626041667
HIVE-COTE 2.0,HouseTwenty,0.98627451
HIVE-COTE 2.0,InlineSkate,0.545575758
HIVE-COTE 2.0,InsectEPGRegularTrain,1
HIVE-COTE 2.0,InsectEPGSmallTrain,0.998527443
HIVE-COTE 2.0,InsectWingbeatSound,0.661868687
HIVE-COTE 2.0,ItalyPowerDemand,0.961839974
HIVE-COTE 2.0,LargeKitchenAppliances,0.935288889
HIVE-COTE 2.0,Lightning2,0.783606557
HIVE-COTE 2.0,Lightning7,0.797716895
HIVE-COTE 2.0,Mallat,0.979061834
HIVE-COTE 2.0,Meat,0.990555556
HIVE-COTE 2.0,MedicalImages,0.809605263
HIVE-COTE 2.0,MiddlePhalanxOutlineAgeGroup,0.717532468
HIVE-COTE 2.0,MiddlePhalanxOutlineCorrect,0.836311569
HIVE-COTE 2.0,MiddlePhalanxTW,0.592424242
HIVE-COTE 2.0,MixedShapesRegularTrain,0.972893471
HIVE-COTE 2.0,MixedShapesSmallTrain,0.951642612
HIVE-COTE 2.0,MoteStrain,0.932747604
HIVE-COTE 2.0,NonInvasiveFetalECGThorax1,0.955419847
HIVE-COTE 2.0,NonInvasiveFetalECGThorax2,0.964783715
HIVE-COTE 2.0,OliveOil,0.903333333
HIVE-COTE 2.0,OSULeaf,0.965564738
HIVE-COTE 2.0,PhalangesOutlinesCorrect,0.845415695
HIVE-COTE 2.0,Phoneme,0.39092827
HIVE-COTE 2.0,PigAirwayPressure,0.955448718
HIVE-COTE 2.0,PigArtPressure,0.973237179
HIVE-COTE 2.0,PigCVP,0.92900641
HIVE-COTE 2.0,Plane,1
HIVE-COTE 2.0,PowerCons,0.968888889
HIVE-COTE 2.0,ProximalPhalanxOutlineAgeGroup,0.85398374
HIVE-COTE 2.0,ProximalPhalanxOutlineCorrect,0.896334479
HIVE-COTE 2.0,ProximalPhalanxTW,0.811219512
HIVE-COTE 2.0,RefrigerationDevices,0.767022222
HIVE-COTE 2.0,Rock,0.888666667
HIVE-COTE 2.0,ScreenType,0.707022222
HIVE-COTE 2.0,SemgHandGenderCh2,0.961277778
HIVE-COTE 2.0,SemgHandMovementCh2,0.861925926
HIVE-COTE 2.0,SemgHandSubjectCh2,0.938888889
HIVE-COTE 2.0,ShapeletSim,1
HIVE-COTE 2.0,ShapesAll,0.934277778
HIVE-COTE 2.0,SmallKitchenAppliances,0.841244444
HIVE-COTE 2.0,SmoothSubspace,0.982666667
HIVE-COTE 2.0,SonyAIBORobotSurface1,0.952190793
HIVE-COTE 2.0,SonyAIBORobotSurface2,0.947219307
HIVE-COTE 2.0,StarLightCurves,0.981686094
HIVE-COTE 2.0,Strawberry,0.978918919
HIVE-COTE 2.0,SwedishLeaf,0.96352
HIVE-COTE 2.0,Symbols,0.971457286
HIVE-COTE 2.0,SyntheticControl,0.998444444
HIVE-COTE 2.0,ToeSegmentation1,0.955409357
HIVE-COTE 2.0,ToeSegmentation2,0.96025641
HIVE-COTE 2.0,Trace,1
HIVE-COTE 2.0,TwoLeadECG,0.999034241
HIVE-COTE 2.0,TwoPatterns,1
HIVE-COTE 2.0,UMD,0.98587963
HIVE-COTE 2.0,UWaveGestureLibraryAll,0.974865066
HIVE-COTE 2.0,UWaveGestureLibraryX,0.860348036
HIVE-COTE 2.0,UWaveGestureLibraryY,0.789456542
HIVE-COTE 2.0,UWaveGestureLibraryZ,0.803294249
HIVE-COTE 2.0,Wafer,1
HIVE-COTE 2.0,Wine,0.924691358
HIVE-COTE 2.0,WordSynonyms,0.766196447
HIVE-COTE 2.0,Worms,0.758008658
HIVE-COTE 2.0,WormsTwoClass,0.805194805
HIVE-COTE 2.0,Yoga,0.930033333
TS-CHIEF,ACSF1,0.807
TS-CHIEF,Adiac,0.779710145
TS-CHIEF,ArrowHead,0.881142857
TS-CHIEF,Beef,0.632222222
TS-CHIEF,BeetleFly,0.958333333
TS-CHIEF,BirdChicken,0.963333333
TS-CHIEF,BME,0.996444444
TS-CHIEF,Car,0.878888889
TS-CHIEF,CBF,0.998444444
TS-CHIEF,Chinatown,0.961835749
TS-CHIEF,ChlorineConcentration,0.660842014
TS-CHIEF,CinCECGTorso,0.953429952
TS-CHIEF,Coffee,0.99047619
TS-CHIEF,Computers,0.753866667
TS-CHIEF,CricketX,0.83042735
TS-CHIEF,CricketY,0.817008547
TS-CHIEF,CricketZ,0.838205128
TS-CHIEF,Crop,0.76210119
TS-CHIEF,DiatomSizeReduction,0.945860566
TS-CHIEF,DistalPhalanxOutlineAgeGroup,0.828057554
TS-CHIEF,DistalPhalanxOutlineCorrect,0.819323671
TS-CHIEF,DistalPhalanxTW,0.691846523
TS-CHIEF,Earthquakes,0.748201439
TS-CHIEF,ECG200,0.855
TS-CHIEF,ECG5000,0.948459259
TS-CHIEF,ECGFiveDays,0.994425087
TS-CHIEF,ElectricDevices,0.865041283
TS-CHIEF,EOGHorizontalSignal,0.853683241
TS-CHIEF,EOGVerticalSignal,0.809484346
TS-CHIEF,EthanolLevel,0.6056
TS-CHIEF,FaceAll,0.982721893
TS-CHIEF,FaceFour,0.999621212
TS-CHIEF,FacesUCR,0.972926829
TS-CHIEF,FiftyWords,0.842710623
TS-CHIEF,Fish,0.98152381
TS-CHIEF,FordA,0.94739899
TS-CHIEF,FordB,0.919465021
TS-CHIEF,FreezerRegularTrain,0.998491228
TS-CHIEF,FreezerSmallTrain,0.995461988
TS-CHIEF,GunPoint,1
TS-CHIEF,GunPointAgeSpan,0.999578059
TS-CHIEF,GunPointMaleVersusFemale,0.999367089
TS-CHIEF,GunPointOldVersusYoung,1
TS-CHIEF,Ham,0.805079365
TS-CHIEF,HandOutlines,0.937297297
TS-CHIEF,Haptics,0.523268398
TS-CHIEF,Herring,0.597395833
TS-CHIEF,HouseTwenty,0.970308123
TS-CHIEF,InlineSkate,0.571878788
TS-CHIEF,InsectEPGRegularTrain,1
TS-CHIEF,InsectEPGSmallTrain,1
TS-CHIEF,InsectWingbeatSound,0.632222222
TS-CHIEF,ItalyPowerDemand,0.962423064
TS-CHIEF,LargeKitchenAppliances,0.860177778
TS-CHIEF,Lightning2,0.768852459
TS-CHIEF,Lightning7,0.793607306
TS-CHIEF,Mallat,0.976702203
TS-CHIEF,Meat,0.984444444
TS-CHIEF,MedicalImages,0.799122807
TS-CHIEF,MiddlePhalanxOutlineAgeGroup,0.694372294
TS-CHIEF,MiddlePhalanxOutlineCorrect,0.805841924
TS-CHIEF,MiddlePhalanxTW,0.573160173
TS-CHIEF,MixedShapesRegularTrain,0.971381443
TS-CHIEF,MixedShapesSmallTrain,0.947257732
TS-CHIEF,MoteStrain,0.930111821
TS-CHIEF,NonInvasiveFetalECGThorax1,0.914334182
TS-CHIEF,NonInvasiveFetalECGThorax2,0.945292621
TS-CHIEF,OliveOil,0.916666667
TS-CHIEF,OSULeaf,0.973553719
TS-CHIEF,PhalangesOutlinesCorrect,0.825330225
TS-CHIEF,Phoneme,0.369848805
TS-CHIEF,PigAirwayPressure,0.960096154
TS-CHIEF,PigArtPressure,0.968910256
TS-CHIEF,PigCVP,0.961378205
TS-CHIEF,Plane,1
TS-CHIEF,PowerCons,0.979444444
TS-CHIEF,ProximalPhalanxOutlineAgeGroup,0.846341463
TS-CHIEF,ProximalPhalanxOutlineCorrect,0.875486827
TS-CHIEF,ProximalPhalanxTW,0.811056911
TS-CHIEF,RefrigerationDevices,0.726844444
TS-CHIEF,Rock,0.832
TS-CHIEF,ScreenType,0.594222222
TS-CHIEF,SemgHandGenderCh2,0.938888889
TS-CHIEF,SemgHandMovementCh2,0.884962963
TS-CHIEF,SemgHandSubjectCh2,0.933111111
TS-CHIEF,ShapeletSim,1
TS-CHIEF,ShapesAll,0.941055556
TS-CHIEF,SmallKitchenAppliances,0.837955556
TS-CHIEF,SmoothSubspace,0.997333333
TS-CHIEF,SonyAIBORobotSurface1,0.889739323
TS-CHIEF,SonyAIBORobotSurface2,0.901084295
TS-CHIEF,StarLightCurves,0.98112757
TS-CHIEF,Strawberry,0.973963964
TS-CHIEF,SwedishLeaf,0.96192
TS-CHIEF,Symbols,0.970820771
TS-CHIEF,SyntheticControl,0.999
TS-CHIEF,ToeSegmentation1,0.959795322
TS-CHIEF,ToeSegmentation2,0.962564103
TS-CHIEF,Trace,1
TS-CHIEF,TwoLeadECG,0.990079017
TS-CHIEF,TwoPatterns,0.999991667
TS-CHIEF,UMD,0.983333333
TS-CHIEF,UWaveGestureLibraryAll,0.970742602
TS-CHIEF,UWaveGestureLibraryX,0.846780197
TS-CHIEF,UWaveGestureLibraryY,0.788023451
TS-CHIEF,UWaveGestureLibraryZ,0.791178113
TS-CHIEF,Wafer,0.998923859
TS-CHIEF,Wine,0.898148148
TS-CHIEF,WordSynonyms,0.793678161
TS-CHIEF,Worms,0.768398268
TS-CHIEF,WormsTwoClass,0.786147186
TS-CHIEF,Yoga,0.872633333
InceptionTime,ACSF1,0.826666667
InceptionTime,Adiac,0.822080136
InceptionTime,ArrowHead,0.880380952
InceptionTime,Beef,0.682222222
InceptionTime,BeetleFly,0.893333333
InceptionTime,BirdChicken,0.951666667
InceptionTime,BME,0.996444444
InceptionTime,Car,0.901111111
InceptionTime,CBF,0.996111111
InceptionTime,Chinatown,0.964820214
InceptionTime,ChlorineConcentration,0.863611111
InceptionTime,CinCECGTorso,0.832125604
InceptionTime,Coffee,0.998809524
InceptionTime,Computers,0.865866667
InceptionTime,CricketX,0.853333333
InceptionTime,CricketY,0.85982906
InceptionTime,CricketZ,0.860940171
InceptionTime,Crop,0.793255952
InceptionTime,DiatomSizeReduction,0.95087146
InceptionTime,DistalPhalanxOutlineAgeGroup,0.765707434
InceptionTime,DistalPhalanxOutlineCorrect,0.815338164
InceptionTime,DistalPhalanxTW,0.665467626
InceptionTime,Earthquakes,0.73117506
InceptionTime,ECG200,0.896666667
InceptionTime,ECG5000,0.942118519
InceptionTime,ECGFiveDays,0.99585753
InceptionTime,ElectricDevices,0.890169887
InceptionTime,EOGHorizontalSignal,0.883517495
InceptionTime,EOGVerticalSignal,0.814732965
InceptionTime,EthanolLevel,0.875133333
InceptionTime,FaceAll,0.983195266
InceptionTime,FaceFour,0.938636364
InceptionTime,FacesUCR,0.97695935
InceptionTime,FiftyWords,0.826739927
InceptionTime,Fish,0.972761905
InceptionTime,FordA,0.959040404
InceptionTime,FordB,0.940658436
InceptionTime,FreezerRegularTrain,0.99574269
InceptionTime,FreezerSmallTrain,0.948830409
InceptionTime,GunPoint,0.995111111
InceptionTime,GunPointAgeSpan,0.98407173
InceptionTime,GunPointMaleVersusFemale,0.998312236
InceptionTime,GunPointOldVersusYoung,1
InceptionTime,Ham,0.85047619
InceptionTime,HandOutlines,0.942972973
InceptionTime,Haptics,0.537012987
InceptionTime,Herring,0.625
InceptionTime,HouseTwenty,0.953221289
InceptionTime,InlineSkate,0.534424242
InceptionTime,InsectEPGRegularTrain,1
InceptionTime,InsectEPGSmallTrain,1
InceptionTime,InsectWingbeatSound,0.627356902
InceptionTime,ItalyPowerDemand,0.960349854
InceptionTime,LargeKitchenAppliances,0.952533333
InceptionTime,Lightning2,0.816939891
InceptionTime,Lightning7,0.820547945
InceptionTime,Mallat,0.962601279
InceptionTime,Meat,0.984444444
InceptionTime,MedicalImages,0.796359649
InceptionTime,MiddlePhalanxOutlineAgeGroup,0.594372294
InceptionTime,MiddlePhalanxOutlineCorrect,0.834249714
InceptionTime,MiddlePhalanxTW,0.527489177
InceptionTime,MixedShapesRegularTrain,0.966378007
InceptionTime,MixedShapesSmallTrain,0.913333333
InceptionTime,MoteStrain,0.88056443
InceptionTime,NonInvasiveFetalECGThorax1,0.958083121
InceptionTime,NonInvasiveFetalECGThorax2,0.962188295
InceptionTime,OliveOil,0.874444444
InceptionTime,OSULeaf,0.952479339
InceptionTime,PhalangesOutlinesCorrect,0.861344211
InceptionTime,Phoneme,0.334440928
InceptionTime,PigAirwayPressure,0.922115385
InceptionTime,PigArtPressure,0.933333333
InceptionTime,PigCVP,0.905288462
InceptionTime,Plane,0.996825397
InceptionTime,PowerCons,0.986296296
InceptionTime,ProximalPhalanxOutlineAgeGroup,0.822113821
InceptionTime,ProximalPhalanxOutlineCorrect,0.906300115
InceptionTime,ProximalPhalanxTW,0.781626016
InceptionTime,RefrigerationDevices,0.758933333
InceptionTime,Rock,0.628
InceptionTime,ScreenType,0.706044444
InceptionTime,SemgHandGenderCh2,0.884666667
InceptionTime,SemgHandMovementCh2,0.551555556
InceptionTime,SemgHandSubjectCh2,0.762888889
InceptionTime,ShapeletSim,0.923518519
InceptionTime,ShapesAll,0.938055556
InceptionTime,SmallKitchenAppliances,0.770755556
InceptionTime,SmoothSubspace,0.984666667
InceptionTime,SonyAIBORobotSurface1,0.954187465
InceptionTime,SonyAIBORobotSurface2,0.95127667
InceptionTime,StarLightCurves,0.978128541
InceptionTime,Strawberry,0.975495495
InceptionTime,SwedishLeaf,0.96976
InceptionTime,Symbols,0.96958124
InceptionTime,SyntheticControl,0.995777778
InceptionTime,ToeSegmentation1,0.953070175
InceptionTime,ToeSegmentation2,0.963589744
InceptionTime,Trace,1
InceptionTime,TwoLeadECG,0.994820018
InceptionTime,TwoPatterns,1
InceptionTime,UMD,0.979861111
InceptionTime,UWaveGestureLibraryAll,0.951191141
InceptionTime,UWaveGestureLibraryX,0.833538061
InceptionTime,UWaveGestureLibraryY,0.770761213
InceptionTime,UWaveGestureLibraryZ,0.773217942
InceptionTime,Wafer,0.998626433
InceptionTime,Wine,0.887037037
InceptionTime,WordSynonyms,0.752089864
InceptionTime,Worms,0.780952381
InceptionTime,WormsTwoClass,0.802597403
InceptionTime,Yoga,0.912411111
Hydra+MultiRocket,ACSF1,0.832667
Hydra+MultiRocket,Adiac,0.823956
Hydra+MultiRocket,ArrowHead,0.897143
Hydra+MultiRocket,Beef,0.782222
Hydra+MultiRocket,BeetleFly,0.906667
Hydra+MultiRocket,BirdChicken,0.896667
Hydra+MultiRocket,BME,1
Hydra+MultiRocket,Car,0.926111
Hydra+MultiRocket,CBF,0.993259
Hydra+MultiRocket,Chinatown,0.967055
Hydra+MultiRocket,ChlorineConcentration,0.783464
Hydra+MultiRocket,CinCECGTorso,0.969589
Hydra+MultiRocket,Coffee,1
Hydra+MultiRocket,Computers,0.8624
Hydra+MultiRocket,CricketX,0.825128
Hydra+MultiRocket,CricketY,0.851709
Hydra+MultiRocket,CricketZ,0.843162
Hydra+MultiRocket,Crop,0.776909
Hydra+MultiRocket,DiatomSizeReduction,0.952179
Hydra+MultiRocket,DistalPhalanxOutlineAgeGroup,0.797362
Hydra+MultiRocket,DistalPhalanxOutlineCorrect,0.841184
Hydra+MultiRocket,DistalPhalanxTW,0.696882
Hydra+MultiRocket,Earthquakes,0.744125
Hydra+MultiRocket,ECG200,0.891667
Hydra+MultiRocket,ECG5000,0.947348
Hydra+MultiRocket,ECGFiveDays,0.995703
Hydra+MultiRocket,ElectricDevices,0.903886
Hydra+MultiRocket,EOGHorizontalSignal,0.871639
Hydra+MultiRocket,EOGVerticalSignal,0.814365
Hydra+MultiRocket,EthanolLevel,0.724
Hydra+MultiRocket,FaceAll,0.983945
Hydra+MultiRocket,FaceFour,0.900758
Hydra+MultiRocket,FacesUCR,0.969593
Hydra+MultiRocket,FiftyWords,0.845861
Hydra+MultiRocket,Fish,0.98419
Hydra+MultiRocket,FordA,0.956162
Hydra+MultiRocket,FordB,0.929424
Hydra+MultiRocket,FreezerRegularTrain,0.998643
Hydra+MultiRocket,FreezerSmallTrain,0.991404
Hydra+MultiRocket,GunPoint,0.998667
Hydra+MultiRocket,GunPointAgeSpan,0.996203
Hydra+MultiRocket,GunPointMaleVersusFemale,1
Hydra+MultiRocket,GunPointOldVersusYoung,1
Hydra+MultiRocket,Ham,0.850159
Hydra+MultiRocket,HandOutlines,0.95045
Hydra+MultiRocket,Haptics,0.531926
Hydra+MultiRocket,Herring,0.610417
Hydra+MultiRocket,HouseTwenty,0.977311
Hydra+MultiRocket,InlineSkate,0.508121
Hydra+MultiRocket,InsectEPGRegularTrain,1
Hydra+MultiRocket,InsectEPGSmallTrain,0.996921
Hydra+MultiRocket,InsectWingbeatSound,0.664899
Hydra+MultiRocket,ItalyPowerDemand,0.964043
Hydra+MultiRocket,LargeKitchenAppliances,0.941333
Hydra+MultiRocket,Lightning2,0.757377
Hydra+MultiRocket,Lightning7,0.80411
Hydra+MultiRocket,Mallat,0.954513
Hydra+MultiRocket,Meat,0.985556
Hydra+MultiRocket,MedicalImages,0.80864
Hydra+MultiRocket,MiddlePhalanxOutlineAgeGroup,0.65303
Hydra+MultiRocket,MiddlePhalanxOutlineCorrect,0.851546
Hydra+MultiRocket,MiddlePhalanxTW,0.551515
Hydra+MultiRocket,MixedShapesRegularTrain,0.980509
Hydra+MultiRocket,MixedShapesSmallTrain,0.95644
Hydra+MultiRocket,MoteStrain,0.907188
Hydra+MultiRocket,NonInvasiveFetalECGThorax1,0.96207
Hydra+MultiRocket,NonInvasiveFetalECGThorax2,0.968092
Hydra+MultiRocket,OliveOil,0.912222
Hydra+MultiRocket,OSULeaf,0.969008
Hydra+MultiRocket,PhalangesOutlinesCorrect,0.855478
Hydra+MultiRocket,Phoneme,0.367423
Hydra+MultiRocket,PigAirwayPressure,0.723397
Hydra+MultiRocket,PigArtPressure,0.935417
Hydra+MultiRocket,PigCVP,0.853526
Hydra+MultiRocket,Plane,1
Hydra+MultiRocket,PowerCons,0.974444
Hydra+MultiRocket,ProximalPhalanxOutlineAgeGroup,0.846179
Hydra+MultiRocket,ProximalPhalanxOutlineCorrect,0.908133
Hydra+MultiRocket,ProximalPhalanxTW,0.80065
Hydra+MultiRocket,RefrigerationDevices,0.748533
Hydra+MultiRocket,Rock,0.864
Hydra+MultiRocket,ScreenType,0.677867
Hydra+MultiRocket,SemgHandGenderCh2,0.944556
Hydra+MultiRocket,SemgHandMovementCh2,0.771704
Hydra+MultiRocket,SemgHandSubjectCh2,0.917333
Hydra+MultiRocket,ShapeletSim,1
Hydra+MultiRocket,ShapesAll,0.948278
Hydra+MultiRocket,SmallKitchenAppliances,0.836622
Hydra+MultiRocket,SmoothSubspace,0.980222
Hydra+MultiRocket,SonyAIBORobotSurface1,0.948697
Hydra+MultiRocket,SonyAIBORobotSurface2,0.950542
Hydra+MultiRocket,StarLightCurves,0.981524
Hydra+MultiRocket,Strawberry,0.97973
Hydra+MultiRocket,SwedishLeaf,0.974453
Hydra+MultiRocket,Symbols,0.972362
Hydra+MultiRocket,SyntheticControl,0.994667
Hydra+MultiRocket,ToeSegmentation1,0.929386
Hydra+MultiRocket,ToeSegmentation2,0.943846
Hydra+MultiRocket,Trace,1
Hydra+MultiRocket,TwoLeadECG,0.997922
Hydra+MultiRocket,TwoPatterns,0.999992
Hydra+MultiRocket,UMD,0.984954
Hydra+MultiRocket,UWaveGestureLibraryAll,0.984683
Hydra+MultiRocket,UWaveGestureLibraryX,0.878038
Hydra+MultiRocket,UWaveGestureLibraryY,0.81314
Hydra+MultiRocket,UWaveGestureLibraryZ,0.821608
Hydra+MultiRocket,Wafer,0.999811
Hydra+MultiRocket,Wine,0.930247
Hydra+MultiRocket,WordSynonyms,0.788871
Hydra+MultiRocket,Worms,0.741991
Hydra+MultiRocket,WormsTwoClass,0.796537
Hydra+MultiRocket,Yoga,0.937322
Hydra,ACSF1,0.806667
Hydra,Adiac,0.815772
Hydra,ArrowHead,0.869714
Hydra,Beef,0.805556
Hydra,BeetleFly,0.951667
Hydra,BirdChicken,0.918333
Hydra,BME,1
Hydra,Car,0.927778
Hydra,CBF,0.991852
Hydra,Chinatown,0.968222
Hydra,ChlorineConcentration,0.763385
Hydra,CinCECGTorso,0.99413
Hydra,Coffee,0.997619
Hydra,Computers,0.818533
Hydra,CricketX,0.806581
Hydra,CricketY,0.828376
Hydra,CricketZ,0.822564
Hydra,Crop,0.734821
Hydra,DiatomSizeReduction,0.940087
Hydra,DistalPhalanxOutlineAgeGroup,0.806235
Hydra,DistalPhalanxOutlineCorrect,0.831039
Hydra,DistalPhalanxTW,0.700959
Hydra,Earthquakes,0.743165
Hydra,ECG200,0.894667
Hydra,ECG5000,0.947133
Hydra,ECGFiveDays,0.998568
Hydra,ElectricDevices,0.881671
Hydra,EOGHorizontalSignal,0.82698
Hydra,EOGVerticalSignal,0.763996
Hydra,EthanolLevel,0.664333
Hydra,FaceAll,0.9843
Hydra,FaceFour,0.888258
Hydra,FacesUCR,0.961805
Hydra,FiftyWords,0.827179
Hydra,Fish,0.986286
Hydra,FordA,0.958535
Hydra,FordB,0.932181
Hydra,FreezerRegularTrain,0.99255
Hydra,FreezerSmallTrain,0.95193
Hydra,GunPoint,0.998444
Hydra,GunPointAgeSpan,0.996308
Hydra,GunPointMaleVersusFemale,0.999262
Hydra,GunPointOldVersusYoung,1
Hydra,Ham,0.847619
Hydra,HandOutlines,0.945495
Hydra,Haptics,0.51645
Hydra,Herring,0.618229
Hydra,HouseTwenty,0.968908
Hydra,InlineSkate,0.495879
Hydra,InsectEPGRegularTrain,1
Hydra,InsectEPGSmallTrain,0.99759
Hydra,InsectWingbeatSound,0.659966
Hydra,ItalyPowerDemand,0.961581
Hydra,LargeKitchenAppliances,0.935556
Hydra,Lightning2,0.737705
Hydra,Lightning7,0.783105
Hydra,Mallat,0.955721
Hydra,Meat,0.983889
Hydra,MedicalImages,0.768728
Hydra,MiddlePhalanxOutlineAgeGroup,0.663203
Hydra,MiddlePhalanxOutlineCorrect,0.83425
Hydra,MiddlePhalanxTW,0.557792
Hydra,MixedShapesRegularTrain,0.981801
Hydra,MixedShapesSmallTrain,0.958763
Hydra,MoteStrain,0.935277
Hydra,NonInvasiveFetalECGThorax1,0.943834
Hydra,NonInvasiveFetalECGThorax2,0.957557
Hydra,OliveOil,0.912222
Hydra,OSULeaf,0.978788
Hydra,PhalangesOutlinesCorrect,0.833761
Hydra,Phoneme,0.329712
Hydra,PigAirwayPressure,0.740385
Hydra,PigArtPressure,0.951603
Hydra,PigCVP,0.911058
Hydra,Plane,1
Hydra,PowerCons,0.962037
Hydra,ProximalPhalanxOutlineAgeGroup,0.845366
Hydra,ProximalPhalanxOutlineCorrect,0.897022
Hydra,ProximalPhalanxTW,0.805854
Hydra,RefrigerationDevices,0.756089
Hydra,Rock,0.892
Hydra,ScreenType,0.624089
Hydra,SemgHandGenderCh2,0.824
Hydra,SemgHandMovementCh2,0.492741
Hydra,SemgHandSubjectCh2,0.780593
Hydra,ShapeletSim,0.983704
Hydra,ShapesAll,0.938667
Hydra,SmallKitchenAppliances,0.833156
Hydra,SmoothSubspace,0.969333
Hydra,SonyAIBORobotSurface1,0.954798
Hydra,SonyAIBORobotSurface2,0.950892
Hydra,StarLightCurves,0.980379
Hydra,Strawberry,0.979369
Hydra,SwedishLeaf,0.970613
Hydra,Symbols,0.973032
Hydra,SyntheticControl,0.969333
Hydra,ToeSegmentation1,0.942982
Hydra,ToeSegmentation2,0.951026
Hydra,Trace,1
Hydra,TwoLeadECG,0.999385
Hydra,TwoPatterns,0.986783
Hydra,UMD,0.987269
Hydra,UWaveGestureLibraryAll,0.973748
Hydra,UWaveGestureLibraryX,0.863521
Hydra,UWaveGestureLibraryY,0.793123
Hydra,UWaveGestureLibraryZ,0.797981
Hydra,Wafer,0.999968
Hydra,Wine,0.951235
Hydra,WordSynonyms,0.749948
Hydra,Worms,0.753247
Hydra,WormsTwoClass,0.805195
Hydra,Yoga,0.925633
MultiRocket,ACSF1,0.833666667
MultiRocket,Adiac,0.823103154
MultiRocket,ArrowHead,0.895238095
MultiRocket,Beef,0.77
MultiRocket,BeetleFly,0.896666667
MultiRocket,BirdChicken,0.888333333
MultiRocket,BME,1
MultiRocket,Car,0.92
MultiRocket,CBF,0.99262963
MultiRocket,Chinatown,0.966666667
MultiRocket,ChlorineConcentration,0.780711806
MultiRocket,CinCECGTorso,0.949613527
MultiRocket,Coffee,1
MultiRocket,Computers,0.8508
MultiRocket,CricketX,0.82
MultiRocket,CricketY,0.841709402
MultiRocket,CricketZ,0.837692308
MultiRocket,Crop,0.773912698
MultiRocket,DiatomSizeReduction,0.952178649
MultiRocket,DistalPhalanxOutlineAgeGroup,0.8117506
MultiRocket,DistalPhalanxOutlineCorrect,0.843115942
MultiRocket,DistalPhalanxTW,0.70263789
MultiRocket,Earthquakes,0.748920863
MultiRocket,ECG200,0.890666667
MultiRocket,ECG5000,0.947059259
MultiRocket,ECGFiveDays,0.995121951
MultiRocket,ElectricDevices,0.900345826
MultiRocket,EOGHorizontalSignal,0.866482505
MultiRocket,EOGVerticalSignal,0.810773481
MultiRocket,EthanolLevel,0.712666667
MultiRocket,FaceAll,0.983609467
MultiRocket,FaceFour,0.897348485
MultiRocket,FacesUCR,0.970373984
MultiRocket,FiftyWords,0.84014652
MultiRocket,Fish,0.983428571
MultiRocket,FordA,0.956035354
MultiRocket,FordB,0.931851852
MultiRocket,FreezerRegularTrain,0.998339181
MultiRocket,FreezerSmallTrain,0.991976608
MultiRocket,GunPoint,0.997777778
MultiRocket,GunPointAgeSpan,0.995991561
MultiRocket,GunPointMaleVersusFemale,1
MultiRocket,GunPointOldVersusYoung,1
MultiRocket,Ham,0.843809524
MultiRocket,HandOutlines,0.951981982
MultiRocket,Haptics,0.550757576
MultiRocket,Herring,0.613020833
MultiRocket,HouseTwenty,0.975910364
MultiRocket,InlineSkate,0.48169697
MultiRocket,InsectEPGRegularTrain,1
MultiRocket,InsectEPGSmallTrain,0.995983936
MultiRocket,InsectWingbeatSound,0.671700337
MultiRocket,ItalyPowerDemand,0.964496275
MultiRocket,LargeKitchenAppliances,0.941422222
MultiRocket,Lightning2,0.750819672
MultiRocket,Lightning7,0.79543379
MultiRocket,Mallat,0.951656006
MultiRocket,Meat,0.982777778
MultiRocket,MedicalImages,0.809078947
MultiRocket,MiddlePhalanxOutlineAgeGroup,0.721428571
MultiRocket,MiddlePhalanxOutlineCorrect,0.848109966
MultiRocket,MiddlePhalanxTW,0.58982684
MultiRocket,MixedShapesRegularTrain,0.978694158
MultiRocket,MixedShapesSmallTrain,0.9524811
MultiRocket,MoteStrain,0.902981896
MultiRocket,NonInvasiveFetalECGThorax1,0.960169635
MultiRocket,NonInvasiveFetalECGThorax2,0.96668363
MultiRocket,OliveOil,0.913333333
MultiRocket,OSULeaf,0.961707989
MultiRocket,PhalangesOutlinesCorrect,0.857575758
MultiRocket,Phoneme,0.35302391
MultiRocket,PigAirwayPressure,0.647275641
MultiRocket,PigArtPressure,0.927884615
MultiRocket,PigCVP,0.828044872
MultiRocket,Plane,1
MultiRocket,PowerCons,0.977037037
MultiRocket,ProximalPhalanxOutlineAgeGroup,0.853170732
MultiRocket,ProximalPhalanxOutlineCorrect,0.905269187
MultiRocket,ProximalPhalanxTW,0.80796748
MultiRocket,RefrigerationDevices,0.731288889
MultiRocket,Rock,0.86
MultiRocket,ScreenType,0.657688889
MultiRocket,SemgHandGenderCh2,0.949444444
MultiRocket,SemgHandMovementCh2,0.794296296
MultiRocket,SemgHandSubjectCh2,0.926888889
MultiRocket,ShapeletSim,1
MultiRocket,ShapesAll,0.946
MultiRocket,SmallKitchenAppliances,0.825422222
MultiRocket,SmoothSubspace,0.979555556
MultiRocket,SonyAIBORobotSurface1,0.947975596
MultiRocket,SonyAIBORobotSurface2,0.949003148
MultiRocket,StarLightCurves,0.981196374
MultiRocket,Strawberry,0.978918919
MultiRocket,SwedishLeaf,0.972373333
MultiRocket,Symbols,0.97319933
MultiRocket,SyntheticControl,0.995
MultiRocket,ToeSegmentation1,0.927923977
MultiRocket,ToeSegmentation2,0.935897436
MultiRocket,Trace,1
MultiRocket,TwoLeadECG,0.997570969
MultiRocket,TwoPatterns,1
MultiRocket,UMD,0.982407407
MultiRocket,UWaveGestureLibraryAll,0.984347664
MultiRocket,UWaveGestureLibraryX,0.875060488
MultiRocket,UWaveGestureLibraryY,0.807686581
MultiRocket,UWaveGestureLibraryZ,0.81652708
MultiRocket,Wafer,0.999718797
MultiRocket,Wine,0.92037037
MultiRocket,WordSynonyms,0.78615465
MultiRocket,Worms,0.72987013
MultiRocket,WormsTwoClass,0.796536797
MultiRocket,Yoga,0.931877778
DrCIF,ACSF1,0.784333333
DrCIF,Adiac,0.809633419
DrCIF,ArrowHead,0.825333333
DrCIF,Beef,0.791111111
DrCIF,BeetleFly,0.878333333
DrCIF,BirdChicken,0.948333333
DrCIF,BME,0.999555556
DrCIF,Car,0.843888889
DrCIF,CBF,0.984777778
DrCIF,Chinatown,0.979903382
DrCIF,ChlorineConcentration,0.739427083
DrCIF,CinCECGTorso,0.993961353
DrCIF,Coffee,0.998809524
DrCIF,Computers,0.816666667
DrCIF,CricketX,0.772735043
DrCIF,CricketY,0.799059829
DrCIF,CricketZ,0.792393162
DrCIF,Crop,0.77727381
DrCIF,DiatomSizeReduction,0.91459695
DrCIF,DistalPhalanxOutlineAgeGroup,0.821582734
DrCIF,DistalPhalanxOutlineCorrect,0.833816425
DrCIF,DistalPhalanxTW,0.697841727
DrCIF,Earthquakes,0.748201439
DrCIF,ECG200,0.861
DrCIF,ECG5000,0.945637037
DrCIF,ECGFiveDays,0.988888889
DrCIF,ElectricDevices,0.882397441
DrCIF,EOGHorizontalSignal,0.795948435
DrCIF,EOGVerticalSignal,0.778268877
DrCIF,EthanolLevel,0.775
DrCIF,FaceAll,0.959428008
DrCIF,FaceFour,0.94280303
DrCIF,FacesUCR,0.915186992
DrCIF,FiftyWords,0.771501832
DrCIF,Fish,0.942095238
DrCIF,FordA,0.967020202
DrCIF,FordB,0.921316872
DrCIF,FreezerRegularTrain,0.999403509
DrCIF,FreezerSmallTrain,0.99922807
DrCIF,GunPoint,0.989333333
DrCIF,GunPointAgeSpan,0.984493671
DrCIF,GunPointMaleVersusFemale,0.998734177
DrCIF,GunPointOldVersusYoung,1
DrCIF,Ham,0.821587302
DrCIF,HandOutlines,0.915135135
DrCIF,Haptics,0.519047619
DrCIF,Herring,0.595833333
DrCIF,HouseTwenty,0.940056022
DrCIF,InlineSkate,0.561212121
DrCIF,InsectEPGRegularTrain,1
DrCIF,InsectEPGSmallTrain,0.99437751
DrCIF,InsectWingbeatSound,0.661986532
DrCIF,ItalyPowerDemand,0.965079365
DrCIF,LargeKitchenAppliances,0.867377778
DrCIF,Lightning2,0.756830601
DrCIF,Lightning7,0.752511416
DrCIF,Mallat,0.978464819
DrCIF,Meat,0.983333333
DrCIF,MedicalImages,0.795964912
DrCIF,MiddlePhalanxOutlineAgeGroup,0.71017316
DrCIF,MiddlePhalanxOutlineCorrect,0.826345934
DrCIF,MiddlePhalanxTW,0.59025974
DrCIF,MixedShapesRegularTrain,0.958611684
DrCIF,MixedShapesSmallTrain,0.914749141
DrCIF,MoteStrain,0.908280085
DrCIF,NonInvasiveFetalECGThorax1,0.93250212
DrCIF,NonInvasiveFetalECGThorax2,0.947446989
DrCIF,OliveOil,0.905555556
DrCIF,OSULeaf,0.860606061
DrCIF,PhalangesOutlinesCorrect,0.844483294
DrCIF,Phoneme,0.413800985
DrCIF,PigAirwayPressure,0.289903846
DrCIF,PigArtPressure,0.858333333
DrCIF,PigCVP,0.635096154
DrCIF,Plane,1
DrCIF,PowerCons,0.988888889
DrCIF,ProximalPhalanxOutlineAgeGroup,0.850081301
DrCIF,ProximalPhalanxOutlineCorrect,0.894730813
DrCIF,ProximalPhalanxTW,0.81300813
DrCIF,RefrigerationDevices,0.740177778
DrCIF,Rock,0.864666667
DrCIF,ScreenType,0.669866667
DrCIF,SemgHandGenderCh2,0.952111111
DrCIF,SemgHandMovementCh2,0.875259259
DrCIF,SemgHandSubjectCh2,0.933185185
DrCIF,ShapeletSim,0.973333333
DrCIF,ShapesAll,0.874666667
DrCIF,SmallKitchenAppliances,0.844622222
DrCIF,SmoothSubspace,0.988444444
DrCIF,SonyAIBORobotSurface1,0.917803661
DrCIF,SonyAIBORobotSurface2,0.928681357
DrCIF,StarLightCurves,0.979779828
DrCIF,Strawberry,0.973783784
DrCIF,SwedishLeaf,0.960426667
DrCIF,Symbols,0.952227806
DrCIF,SyntheticControl,0.994
DrCIF,ToeSegmentation1,0.901461988
DrCIF,ToeSegmentation2,0.897435897
DrCIF,Trace,1
DrCIF,TwoLeadECG,0.984957565
DrCIF,TwoPatterns,0.999691667
DrCIF,UMD,0.915740741
DrCIF,UWaveGestureLibraryAll,0.971877908
DrCIF,UWaveGestureLibraryX,0.845049321
DrCIF,UWaveGestureLibraryY,0.775041876
DrCIF,UWaveGestureLibraryZ,0.78884236
DrCIF,Wafer,0.999605235
DrCIF,Wine,0.874074074
DrCIF,WordSynonyms,0.695245559
DrCIF,Worms,0.748484848
DrCIF,WormsTwoClass,0.803463203
DrCIF,Yoga,0.8898
TDE,ACSF1,0.794333333
TDE,Adiac,0.752088662
TDE,ArrowHead,0.903047619
TDE,Beef,0.7
TDE,BeetleFly,0.936666667
TDE,BirdChicken,0.97
TDE,BME,0.914888889
TDE,Car,0.87
TDE,CBF,0.996703704
TDE,Chinatown,0.953816425
TDE,ChlorineConcentration,0.697491319
TDE,CinCECGTorso,0.983864734
TDE,Coffee,0.99047619
TDE,Computers,0.817466667
TDE,CricketX,0.811367521
TDE,CricketY,0.801111111
TDE,CricketZ,0.821111111
TDE,Crop,0.719440476
TDE,DiatomSizeReduction,0.881808279
TDE,DistalPhalanxOutlineAgeGroup,0.798081535
TDE,DistalPhalanxOutlineCorrect,0.775483092
TDE,DistalPhalanxTW,0.67146283
TDE,Earthquakes,0.747961631
TDE,ECG200,0.849
TDE,ECG5000,0.943385185
TDE,ECGFiveDays,0.982888115
TDE,ElectricDevices,0.828949985
TDE,EOGHorizontalSignal,0.731123389
TDE,EOGVerticalSignal,0.697053407
TDE,EthanolLevel,0.5526
TDE,FaceAll,0.977988166
TDE,FaceFour,0.995454545
TDE,FacesUCR,0.960764228
TDE,FiftyWords,0.79040293
TDE,Fish,0.982095238
TDE,FordA,0.933510101
TDE,FordB,0.912839506
TDE,FreezerRegularTrain,0.99522807
TDE,FreezerSmallTrain,0.96328655
TDE,GunPoint,1
TDE,GunPointAgeSpan,0.998734177
TDE,GunPointMaleVersusFemale,0.998945148
TDE,GunPointOldVersusYoung,0.998835979
TDE,Ham,0.816190476
TDE,HandOutlines,0.903513514
TDE,Haptics,0.516233766
TDE,Herring,0.588541667
TDE,HouseTwenty,0.989915966
TDE,InlineSkate,0.559878788
TDE,InsectEPGRegularTrain,0.999196787
TDE,InsectEPGSmallTrain,1
TDE,InsectWingbeatSound,0.58010101
TDE,ItalyPowerDemand,0.949303531
TDE,LargeKitchenAppliances,0.813866667
TDE,Lightning2,0.763934426
TDE,Lightning7,0.696803653
TDE,Mallat,0.915209666
TDE,Meat,0.975
TDE,MedicalImages,0.75372807
TDE,MiddlePhalanxOutlineAgeGroup,0.69004329
TDE,MiddlePhalanxOutlineCorrect,0.766781214
TDE,MiddlePhalanxTW,0.574891775
TDE,MixedShapesRegularTrain,0.973869416
TDE,MixedShapesSmallTrain,0.953993127
TDE,MoteStrain,0.898668797
TDE,NonInvasiveFetalECGThorax1,0.829889737
TDE,NonInvasiveFetalECGThorax2,0.881662426
TDE,OliveOil,0.897777778
TDE,OSULeaf,0.966253444
TDE,PhalangesOutlinesCorrect,0.778438228
TDE,Phoneme,0.350791139
TDE,PigAirwayPressure,0.943429487
TDE,PigArtPressure,0.977724359
TDE,PigCVP,0.938621795
TDE,Plane,1
TDE,PowerCons,0.935555556
TDE,ProximalPhalanxOutlineAgeGroup,0.854308943
TDE,ProximalPhalanxOutlineCorrect,0.868041237
TDE,ProximalPhalanxTW,0.80195122
TDE,RefrigerationDevices,0.771466667
TDE,Rock,0.866666667
TDE,ScreenType,0.636088889
TDE,SemgHandGenderCh2,0.878722222
TDE,SemgHandMovementCh2,0.707555556
TDE,SemgHandSubjectCh2,0.860444444
TDE,ShapeletSim,1
TDE,ShapesAll,0.926611111
TDE,SmallKitchenAppliances,0.8096
TDE,SmoothSubspace,0.854222222
TDE,SonyAIBORobotSurface1,0.725235718
TDE,SonyAIBORobotSurface2,0.904756908
TDE,StarLightCurves,0.977205763
TDE,Strawberry,0.973963964
TDE,SwedishLeaf,0.93248
TDE,Symbols,0.96479062
TDE,SyntheticControl,0.987222222
TDE,ToeSegmentation1,0.959356725
TDE,ToeSegmentation2,0.971025641
TDE,Trace,1
TDE,TwoLeadECG,0.999004975
TDE,TwoPatterns,0.998183333
TDE,UMD,0.929398148
TDE,UWaveGestureLibraryAll,0.952819654
TDE,UWaveGestureLibraryX,0.832886655
TDE,UWaveGestureLibraryY,0.771449842
TDE,UWaveGestureLibraryZ,0.781099944
TDE,Wafer,0.999821544
TDE,Wine,0.882098765
TDE,WordSynonyms,0.753134796
TDE,Worms,0.742424242
TDE,WormsTwoClass,0.80952381
TDE,Yoga,0.927633333
STC,ACSF1,0.8
STC,Adiac,0.786189258
STC,ArrowHead,0.793333333
STC,Beef,0.738888889
STC,BeetleFly,0.938333333
STC,BirdChicken,0.878333333
STC,BME,0.928888889
STC,Car,0.837222222
STC,CBF,0.985407407
STC,Chinatown,0.964820214
STC,ChlorineConcentration,0.740703125
STC,CinCECGTorso,0.968864734
STC,Coffee,0.989285714
STC,Computers,0.804933333
STC,CricketX,0.787521368
STC,CricketY,0.76957265
STC,CricketZ,0.805555556
STC,Crop,0.734734127
STC,DiatomSizeReduction,0.857189542
STC,DistalPhalanxOutlineAgeGroup,0.794964029
STC,DistalPhalanxOutlineCorrect,0.829347826
STC,DistalPhalanxTW,0.69616307
STC,Earthquakes,0.743405276
STC,ECG200,0.840666667
STC,ECG5000,0.94217037
STC,ECGFiveDays,0.979210221
STC,ElectricDevices,0.881251891
STC,EOGHorizontalSignal,0.739226519
STC,EOGVerticalSignal,0.717771639
STC,EthanolLevel,0.861466667
STC,FaceAll,0.95321499
STC,FaceFour,0.764772727
STC,FacesUCR,0.910439024
STC,FiftyWords,0.747399267
STC,Fish,0.908380952
STC,FordA,0.934090909
STC,FordB,0.918600823
STC,FreezerRegularTrain,0.999251462
STC,FreezerSmallTrain,0.989064327
STC,GunPoint,0.985333333
STC,GunPointAgeSpan,0.967510549
STC,GunPointMaleVersusFemale,0.987552743
STC,GunPointOldVersusYoung,0.978518519
STC,Ham,0.811428571
STC,HandOutlines,0.921351351
STC,Haptics,0.532900433
STC,Herring,0.644270833
STC,HouseTwenty,0.975910364
STC,InlineSkate,0.455939394
STC,InsectEPGRegularTrain,0.98647925
STC,InsectEPGSmallTrain,0.945649264
STC,InsectWingbeatSound,0.630286195
STC,ItalyPowerDemand,0.952413346
STC,LargeKitchenAppliances,0.926222222
STC,Lightning2,0.652459016
STC,Lightning7,0.752511416
STC,Mallat,0.957839375
STC,Meat,0.979444444
STC,MedicalImages,0.718245614
STC,MiddlePhalanxOutlineAgeGroup,0.671428571
STC,MiddlePhalanxOutlineCorrect,0.832416953
STC,MiddlePhalanxTW,0.574025974
STC,MixedShapesRegularTrain,0.954680412
STC,MixedShapesSmallTrain,0.930900344
STC,MoteStrain,0.908892439
STC,NonInvasiveFetalECGThorax1,0.933282443
STC,NonInvasiveFetalECGThorax2,0.950059372
STC,OliveOil,0.892222222
STC,OSULeaf,0.93953168
STC,PhalangesOutlinesCorrect,0.833411033
STC,Phoneme,0.353586498
STC,PigAirwayPressure,0.970352564
STC,PigArtPressure,0.925320513
STC,PigCVP,0.887820513
STC,Plane,1
STC,PowerCons,0.940555556
STC,ProximalPhalanxOutlineAgeGroup,0.846666667
STC,ProximalPhalanxOutlineCorrect,0.89163803
STC,ProximalPhalanxTW,0.80796748
STC,RefrigerationDevices,0.768444444
STC,Rock,0.835333333
STC,ScreenType,0.705422222
STC,SemgHandGenderCh2,0.930222222
STC,SemgHandMovementCh2,0.806222222
STC,SemgHandSubjectCh2,0.916222222
STC,ShapeletSim,1
STC,ShapesAll,0.837166667
STC,SmallKitchenAppliances,0.809866667
STC,SmoothSubspace,0.933555556
STC,SonyAIBORobotSurface1,0.82989462
STC,SonyAIBORobotSurface2,0.93899965
STC,StarLightCurves,0.976501538
STC,Strawberry,0.972972973
STC,SwedishLeaf,0.931946667
STC,Symbols,0.929112228
STC,SyntheticControl,0.991222222
STC,ToeSegmentation1,0.949415205
STC,ToeSegmentation2,0.92974359
STC,Trace,1
STC,TwoLeadECG,0.999063506
STC,TwoPatterns,0.989625
STC,UMD,0.935416667
STC,UWaveGestureLibraryAll,0.955285688
STC,UWaveGestureLibraryX,0.812879211
STC,UWaveGestureLibraryY,0.716666667
STC,UWaveGestureLibraryZ,0.76246045
STC,Wafer,0.999632273
STC,Wine,0.87962963
STC,WordSynonyms,0.655590387
STC,Worms,0.723376623
STC,WormsTwoClass,0.783549784
STC,Yoga,0.879866667
